<annotation>
	<folder>carna_melody</folder>
	<filename>341.jpg</filename>
	<path>D:\講義\大三下 無人機\drive-download-20210517T162224Z-001\carna_melody\carna_melody\341.jpg</path>
	<source>
		<database>Unknown</database>
	</source>
	<size>
		<width>1280</width>
		<height>720</height>
		<depth>3</depth>
	</size>
	<segmented>0</segmented>
	<object>
		<name>cana</name>
		<pose>Unspecified</pose>
		<truncated>0</truncated>
		<difficult>0</difficult>
		<bndbox>
			<xmin>329</xmin>
			<ymin>236</ymin>
			<xmax>502</xmax>
			<ymax>355</ymax>
		</bndbox>
	</object>
	<object>
		<name>melody</name>
		<pose>Unspecified</pose>
		<truncated>0</truncated>
		<difficult>0</difficult>
		<bndbox>
			<xmin>590</xmin>
			<ymin>288</ymin>
			<xmax>750</xmax>
			<ymax>402</ymax>
		</bndbox>
	</object>
</annotation>
