<annotation>
	<folder>carna_melody</folder>
	<filename>41.jpg</filename>
	<path>D:\講義\大三下 無人機\drive-download-20210517T162224Z-001\carna_melody\carna_melody\41.jpg</path>
	<source>
		<database>Unknown</database>
	</source>
	<size>
		<width>1280</width>
		<height>720</height>
		<depth>3</depth>
	</size>
	<segmented>0</segmented>
	<object>
		<name>cana</name>
		<pose>Unspecified</pose>
		<truncated>0</truncated>
		<difficult>0</difficult>
		<bndbox>
			<xmin>381</xmin>
			<ymin>230</ymin>
			<xmax>605</xmax>
			<ymax>424</ymax>
		</bndbox>
	</object>
	<object>
		<name>melody</name>
		<pose>Unspecified</pose>
		<truncated>0</truncated>
		<difficult>0</difficult>
		<bndbox>
			<xmin>656</xmin>
			<ymin>188</ymin>
			<xmax>787</xmax>
			<ymax>288</ymax>
		</bndbox>
	</object>
</annotation>
