<annotation>
	<folder>carna_melody</folder>
	<filename>441.jpg</filename>
	<path>D:\講義\大三下 無人機\drive-download-20210517T162224Z-001\carna_melody\carna_melody\441.jpg</path>
	<source>
		<database>Unknown</database>
	</source>
	<size>
		<width>1280</width>
		<height>720</height>
		<depth>3</depth>
	</size>
	<segmented>0</segmented>
	<object>
		<name>cana</name>
		<pose>Unspecified</pose>
		<truncated>0</truncated>
		<difficult>0</difficult>
		<bndbox>
			<xmin>489</xmin>
			<ymin>293</ymin>
			<xmax>607</xmax>
			<ymax>368</ymax>
		</bndbox>
	</object>
	<object>
		<name>melody</name>
		<pose>Unspecified</pose>
		<truncated>0</truncated>
		<difficult>0</difficult>
		<bndbox>
			<xmin>665</xmin>
			<ymin>298</ymin>
			<xmax>742</xmax>
			<ymax>353</ymax>
		</bndbox>
	</object>
</annotation>
