<annotation>
	<folder>carna_melody</folder>
	<filename>505.jpg</filename>
	<path>D:\講義\大三下 無人機\drive-download-20210517T162224Z-001\carna_melody\carna_melody\505.jpg</path>
	<source>
		<database>Unknown</database>
	</source>
	<size>
		<width>1280</width>
		<height>720</height>
		<depth>3</depth>
	</size>
	<segmented>0</segmented>
	<object>
		<name>cana</name>
		<pose>Unspecified</pose>
		<truncated>0</truncated>
		<difficult>0</difficult>
		<bndbox>
			<xmin>372</xmin>
			<ymin>222</ymin>
			<xmax>536</xmax>
			<ymax>354</ymax>
		</bndbox>
	</object>
	<object>
		<name>melody</name>
		<pose>Unspecified</pose>
		<truncated>0</truncated>
		<difficult>0</difficult>
		<bndbox>
			<xmin>639</xmin>
			<ymin>297</ymin>
			<xmax>864</xmax>
			<ymax>443</ymax>
		</bndbox>
	</object>
</annotation>
